id,name,model_id,group_id/id,operation,domain
account_credit_control.ir_model_access_270,credit_control_manager_line,credit.control.line,group_account_credit_control_manager,crud,
account_credit_control.ir_model_access_271,credit_control_user_line,credit.control.line,group_account_credit_control_user,crud,
account_credit_control.ir_model_access_272,credit_control_info_line,credit.control.line,group_account_credit_control_info,r,
account_credit_control.ir_model_access_273,credit_control_manager_mail_template,mail.template,group_account_credit_control_manager,crud,
account_credit_control.ir_model_access_275,credit_control_manager_mail_message,mail.message,group_account_credit_control_manager,crud,
account_credit_control.ir_model_access_276,credit_control_user_mail_message,mail.message,group_account_credit_control_user,cru,
account_credit_control.ir_model_access_277,credit_control_info_mail_message,mail.message,group_account_credit_control_info,r,
account_credit_control.ir_model_access_281,credit_control_mananger_run,credit.control.run,group_account_credit_control_manager,crud,
account_credit_control.ir_model_access_282,credit_control_user_run,credit.control.run,group_account_credit_control_user,crud,
account_credit_control.ir_model_access_283,credit_control_info_run,credit.control.run,group_account_credit_control_info,r,
account_credit_control.ir_model_access_284,credit_control_manager_policy,credit.control.policy,group_account_credit_control_manager,crud,
account_credit_control.ir_model_access_285,credit_control_user_policy,credit.control.policy,group_account_credit_control_user,r,
account_credit_control.ir_model_access_286,credit_control_info_policy,credit.control.policy,group_account_credit_control_info,r,
account_credit_control.ir_model_access_287,credit_control_manager_level,credit.control.policy.level,group_account_credit_control_manager,crud,
account_credit_control.ir_model_access_288,credit_control_user_level,credit.control.policy.level,group_account_credit_control_user,r,
account_credit_control.ir_model_access_289,credit_control_info_level,credit.control.policy.level,group_account_credit_control_info,r,
account_credit_control.ir_model_access_290,credit_control_fin_user_line,credit.control.line,account.group_account_user,r,
account_credit_control.ir_model_access_291,credit_control_fin_invoice_line,credit.control.line,account.group_account_invoice,r,
account_credit_control.ir_model_access_292,credit_control_fin_manager_line,credit.control.line,account.group_account_manager,crud,
access_communication_info,credit.control.communication info,credit.control.communication,group_account_credit_control_info,r,
access_communication_user,credit.control.communication user,credit.control.communication,group_account_credit_control_user,cru,
access_communication_manager,credit.control.communication manager,credit.control.communication,group_account_credit_control_manager,crud,
access_credit_control_emailer_credit_control_user,credit_control_emailer_credit_control_user,credit.control.emailer,group_account_credit_control_user,cru,
access_credit_control_emailer_credit_control_manager,credit_control_emailer_credit_control_manager,credit.control.emailer,group_account_credit_control_manager,cru,
access_credit_control_marker_credit_control_user,credit_control_marker_credit_control_user,credit.control.marker,group_account_credit_control_user,cru,
access_credit_control_marker_credit_control_manager,credit_control_marker_credit_control_manager,credit.control.marker,group_account_credit_control_manager,cru,
access_credit_control_printer_credit_control_user,credit_control_printer_credit_control_user,credit.control.printer,group_account_credit_control_user,cru,
access_credit_control_printer_credit_control_manager,credit_control_printer_credit_control_manager,credit.control.printer,group_account_credit_control_manager,cru,
access_credit_control_policy_changer_credit_control_user,credit_control_policy_changer_credit_control_user,credit.control.policy.changer,group_account_credit_control_user,cru,
access_credit_control_policy_changer_credit_control_manager,credit_control_policy_changer_credit_control_manager,credit.control.policy.changer,group_account_credit_control_manager,cru,
res_partner_payment_action_type_info_access,res.partner.payment.action.type info access,res.partner.payment.action.type,account_credit_control.group_account_credit_control_info,r,
res_partner_payment_action_type_manager_access,res.partner.payment.action.type manager access,res.partner.payment.action.type,account_credit_control.group_account_credit_control_manager,crud,
credit_control_analysis_info_access,credit.control.analysis access,credit.control.analysis,account_credit_control.group_account_credit_control_info,r,
credit_control_run_rule,Credit Control Run,credit.control.run,,crud,"[('company_id','in',company_ids + [False])]"
credit_control_communication_rule,Credit Control Communication,credit.control.communication,,crud,"[('company_id','in',company_ids)]"
credit_control_line_rule,Credit Control Line,credit.control.line,,crud,"[('company_id','in',company_ids + [False])]"
credit_control_policy_rule,Credit Control Policy,credit.control.policy,,crud,"[('company_id','in',company_ids + [False])]"
credit_control_analysis_rule,Credit Control Analysis,credit.control.analysis,,crud,"[('company_id','in',company_ids + [False])]"
credit_control_partner_payment_action_type_rule,Credit Control Partner Payment Action Type,res.partner.payment.action.type,,crud,"[('company_id','in',company_ids + [False])]"
